{"cameraMode":{"drawMode":0,"name":"Shaded","section":"Shading Mode"},"sceneLighting":false,"audioPlay":false,"sceneViewState":{"showFog":true,"showMaterialUpdate":false,"showSkybox":false,"showFlares":true,"showImageEffects":true,"showParticleSystems":true},"in2DMode":false,"pivot":{"x":195.49392700195313,"y":1.59857177734375,"z":166.3672332763672},"rotation":{"x":-0.29440855979919436,"y":-0.2988711893558502,"z":0.09749369323253632,"w":-0.9025679230690002},"size":2.8288941383361818,"orthographic":false}