{"cameraMode":{"drawMode":0,"name":"Shaded","section":"Shading Mode"},"sceneLighting":false,"audioPlay":false,"sceneViewState":{"showFog":true,"showMaterialUpdate":false,"showSkybox":false,"showFlares":true,"showImageEffects":true,"showParticleSystems":true},"in2DMode":false,"pivot":{"x":0.7232720255851746,"y":1.2555640935897828,"z":-1.2671529054641724},"rotation":{"x":0.2568016052246094,"y":-0.17739184200763703,"z":0.04804161563515663,"w":0.9488844275474548},"size":2.8578836917877199,"orthographic":false}