{"cameraMode":{"drawMode":0,"name":"Shaded","section":"Shading Mode"},"sceneLighting":false,"audioPlay":false,"sceneViewState":{"showFog":true,"showMaterialUpdate":false,"showSkybox":false,"showFlares":true,"showImageEffects":true,"showParticleSystems":true},"in2DMode":false,"pivot":{"x":187.63546752929688,"y":1.701841115951538,"z":167.08734130859376},"rotation":{"x":-0.29440855979919436,"y":-0.2988711893558502,"z":0.09749369323253632,"w":-0.9025679230690002},"size":3.442837953567505,"orthographic":false}