{"cameraMode":{"drawMode":0,"name":"Shaded","section":"Shading Mode"},"sceneLighting":false,"audioPlay":false,"sceneViewState":{"showFog":true,"showMaterialUpdate":false,"showSkybox":false,"showFlares":true,"showImageEffects":true,"showParticleSystems":true},"in2DMode":false,"pivot":{"x":-1.571821689605713,"y":-22.289255142211915,"z":-1.636697769165039},"rotation":{"x":-0.001876543858088553,"y":0.720135509967804,"z":-0.693849503993988,"w":-0.0019395683193579317},"size":33.20396041870117,"orthographic":false}