{"cameraMode":{"drawMode":0,"name":"Shaded","section":"Shading Mode"},"sceneLighting":false,"audioPlay":false,"sceneViewState":{"showFog":true,"showMaterialUpdate":false,"showSkybox":false,"showFlares":true,"showImageEffects":true,"showParticleSystems":true},"in2DMode":false,"pivot":{"x":189.88296508789063,"y":1.3632152080535889,"z":167.6065216064453},"rotation":{"x":-0.10362672805786133,"y":-0.0077286590822041039,"z":0.0008186562918126583,"w":-0.9946551322937012},"size":3.5204880237579347,"orthographic":false}