{"cameraMode":{"drawMode":0,"name":"Shaded","section":"Shading Mode"},"sceneLighting":false,"audioPlay":false,"sceneViewState":{"showFog":true,"showMaterialUpdate":false,"showSkybox":false,"showFlares":true,"showImageEffects":true,"showParticleSystems":true},"in2DMode":false,"pivot":{"x":-0.4142518639564514,"y":1.120785117149353,"z":1.2547184228897095},"rotation":{"x":-0.30146172642707827,"y":-0.024557743221521379,"z":0.007808160502463579,"w":-0.953205943107605},"size":4.394057750701904,"orthographic":false}