{"cameraMode":{"drawMode":0,"name":"Shaded","section":"Shading Mode"},"sceneLighting":true,"audioPlay":false,"sceneViewState":{"showFog":true,"showMaterialUpdate":false,"showSkybox":true,"showFlares":true,"showImageEffects":true,"showParticleSystems":true},"in2DMode":false,"pivot":{"x":-34.14579772949219,"y":6.682014465332031,"z":-73.5058822631836},"rotation":{"x":-0.16806931793689729,"y":-0.7493088245391846,"z":0.2094210535287857,"w":-0.6056353449821472},"size":97.02265167236328,"orthographic":false}