{"cameraMode":{"drawMode":0,"name":"Shaded","section":"Shading Mode"},"sceneLighting":false,"audioPlay":false,"sceneViewState":{"showFog":true,"showMaterialUpdate":false,"showSkybox":false,"showFlares":true,"showImageEffects":true,"showParticleSystems":true},"in2DMode":false,"pivot":{"x":191.51393127441407,"y":1.6072540283203126,"z":164.57130432128907},"rotation":{"x":0.019892539829015733,"y":0.9378646612167358,"z":-0.34218165278434756,"w":0.05630552023649216},"size":3.305530309677124,"orthographic":false}