{"cameraMode":{"drawMode":0,"name":"Shaded","section":"Shading Mode"},"sceneLighting":false,"audioPlay":false,"sceneViewState":{"showFog":true,"showMaterialUpdate":false,"showSkybox":false,"showFlares":true,"showImageEffects":true,"showParticleSystems":true},"in2DMode":false,"pivot":{"x":187.63546752929688,"y":1.701841115951538,"z":167.08734130859376},"rotation":{"x":0.019892539829015733,"y":0.9378646612167358,"z":-0.34218165278434756,"w":0.05630552023649216},"size":3.442837953567505,"orthographic":false}