{"cameraMode":{"drawMode":0,"name":"Shaded","section":"Shading Mode"},"sceneLighting":false,"audioPlay":false,"sceneViewState":{"showFog":true,"showMaterialUpdate":false,"showSkybox":false,"showFlares":true,"showImageEffects":true,"showParticleSystems":true},"in2DMode":false,"pivot":{"x":-3.6904492378234865,"y":0.843172550201416,"z":0.0},"rotation":{"x":0.0004705057945102453,"y":-0.9354374408721924,"z":0.354035347700119,"w":-0.0017847376875579358},"size":3.1886160373687746,"orthographic":false}