{"cameraMode":{"drawMode":0,"name":"Shaded","section":"Shading Mode"},"sceneLighting":true,"audioPlay":false,"sceneViewState":{"showFog":true,"showMaterialUpdate":false,"showSkybox":false,"showFlares":true,"showImageEffects":true,"showParticleSystems":true},"in2DMode":false,"pivot":{"x":-13.0,"y":0.9599999785423279,"z":-77.08000183105469},"rotation":{"x":-0.13606438040733338,"y":-0.8631163239479065,"z":0.35389694571495058,"w":-0.3341064751148224},"size":2.1434130668640138,"orthographic":false}