{"cameraMode":{"drawMode":0,"name":"Shaded","section":"Shading Mode"},"sceneLighting":false,"audioPlay":false,"sceneViewState":{"showFog":true,"showMaterialUpdate":false,"showSkybox":false,"showFlares":true,"showImageEffects":true,"showParticleSystems":true},"in2DMode":false,"pivot":{"x":193.31402587890626,"y":2.090501070022583,"z":166.8136749267578},"rotation":{"x":-0.0731780081987381,"y":0.7183762192726135,"z":-0.07547777891159058,"w":-0.6878446936607361},"size":4.3940510749816898,"orthographic":false}