{"cameraMode":{"drawMode":0,"name":"Shaded","section":"Shading Mode"},"sceneLighting":true,"audioPlay":false,"sceneViewState":{"showFog":true,"showMaterialUpdate":false,"showSkybox":true,"showFlares":true,"showImageEffects":true,"showParticleSystems":true},"in2DMode":false,"pivot":{"x":3.03007435798645,"y":-120.72288513183594,"z":-13.600289344787598},"rotation":{"x":0.005191130563616753,"y":0.7284820675849915,"z":-0.6852306127548218,"w":0.006673074327409267},"size":183.2286376953125,"orthographic":false}