{"cameraMode":{"drawMode":0,"name":"Shaded","section":"Shading Mode"},"sceneLighting":true,"audioPlay":false,"sceneViewState":{"showFog":true,"showMaterialUpdate":false,"showSkybox":false,"showFlares":true,"showImageEffects":true,"showParticleSystems":true},"in2DMode":false,"pivot":{"x":0.8494297862052918,"y":0.5890594124794006,"z":-0.024661175906658174},"rotation":{"x":0.16014494001865388,"y":-0.6636319160461426,"z":0.14731156826019288,"w":0.7159648537635803},"size":2.8578836917877199,"orthographic":false}