{"cameraMode":{"drawMode":0,"name":"Shaded","section":"Shading Mode"},"sceneLighting":false,"audioPlay":false,"sceneViewState":{"showFog":true,"showMaterialUpdate":false,"showSkybox":true,"showFlares":true,"showImageEffects":true,"showParticleSystems":true},"in2DMode":false,"pivot":{"x":-12.489311218261719,"y":-19.560558319091798,"z":-46.74055480957031},"rotation":{"x":0.37664687633514407,"y":0.5819031596183777,"z":-0.34664711356163027,"w":0.6321327686309815},"size":63.07960510253906,"orthographic":false}