{"cameraMode":{"drawMode":0,"name":"Shaded","section":"Shading Mode"},"sceneLighting":true,"audioPlay":false,"sceneViewState":{"showFog":true,"showMaterialUpdate":false,"showSkybox":true,"showFlares":true,"showImageEffects":true,"showParticleSystems":true},"in2DMode":false,"pivot":{"x":177.92605590820313,"y":-5.307859897613525,"z":119.75285339355469},"rotation":{"x":-0.09058548510074616,"y":0.8473256230354309,"z":-0.1513865888118744,"w":-0.501284122467041},"size":99.46942138671875,"orthographic":false}