{"cameraMode":{"drawMode":0,"name":"Shaded","section":"Shading Mode"},"sceneLighting":false,"audioPlay":false,"sceneViewState":{"showFog":true,"showMaterialUpdate":false,"showSkybox":true,"showFlares":true,"showImageEffects":true,"showParticleSystems":true},"in2DMode":false,"pivot":{"x":205.8374786376953,"y":-42.518280029296878,"z":155.98687744140626},"rotation":{"x":0.5847164988517761,"y":0.28889042139053347,"z":-0.2342190444469452,"w":0.7211220264434815},"size":119.87629699707031,"orthographic":false}