{"cameraMode":{"drawMode":0,"name":"Shaded","section":"Shading Mode"},"sceneLighting":false,"audioPlay":false,"sceneViewState":{"showFog":true,"showMaterialUpdate":false,"showSkybox":false,"showFlares":true,"showImageEffects":true,"showParticleSystems":true},"in2DMode":false,"pivot":{"x":22.77391242980957,"y":2.60654878616333,"z":-20.38503074645996},"rotation":{"x":0.1574913114309311,"y":0.7218586206436157,"z":-0.17455029487609864,"w":0.650942325592041},"size":4.041658401489258,"orthographic":false}