{"cameraMode":{"drawMode":0,"name":"Shaded","section":"Shading Mode"},"sceneLighting":false,"audioPlay":false,"sceneViewState":{"showFog":true,"showMaterialUpdate":false,"showSkybox":false,"showFlares":true,"showImageEffects":true,"showParticleSystems":true},"in2DMode":false,"pivot":{"x":3.1795132160186769,"y":4.8597002029418949,"z":-4.260052680969238},"rotation":{"x":-0.08400942385196686,"y":0.7669134140014648,"z":0.10095325857400894,"w":0.6284537315368652},"size":4.5325117111206059,"orthographic":false}