{"cameraMode":{"drawMode":0,"name":"Shaded","section":"Shading Mode"},"sceneLighting":true,"audioPlay":false,"sceneViewState":{"showFog":true,"showMaterialUpdate":false,"showSkybox":true,"showFlares":true,"showImageEffects":true,"showParticleSystems":true},"in2DMode":false,"pivot":{"x":96.56743621826172,"y":101.37810516357422,"z":-94.30929565429688},"rotation":{"x":0.042885858565568927,"y":0.7425376176834106,"z":0.04770513251423836,"w":-0.6667793989181519},"size":60.862056732177737,"orthographic":false}