{"cameraMode":{"drawMode":0,"name":"Shaded","section":"Shading Mode"},"sceneLighting":false,"audioPlay":false,"sceneViewState":{"showFog":true,"showMaterialUpdate":false,"showSkybox":true,"showFlares":true,"showImageEffects":true,"showParticleSystems":true},"in2DMode":false,"pivot":{"x":252.64280700683595,"y":-35.2363166809082,"z":149.28598022460938},"rotation":{"x":0.2068522870540619,"y":0.6740147471427918,"z":-0.2054397016763687,"w":0.6788681745529175},"size":111.13764190673828,"orthographic":false}