{"cameraMode":{"drawMode":0,"name":"Shaded","section":"Shading Mode"},"sceneLighting":true,"audioPlay":false,"sceneViewState":{"showFog":true,"showMaterialUpdate":false,"showSkybox":true,"showFlares":true,"showImageEffects":true,"showParticleSystems":true},"in2DMode":false,"pivot":{"x":146.19122314453126,"y":-55.00432205200195,"z":191.07992553710938},"rotation":{"x":-0.2839471995830536,"y":0.4328981935977936,"z":-0.14475709199905396,"w":-0.8434402346611023},"size":117.18519592285156,"orthographic":false}