{"cameraMode":{"drawMode":0,"name":"Shaded","section":"Shading Mode"},"sceneLighting":false,"audioPlay":false,"sceneViewState":{"showFog":true,"showMaterialUpdate":false,"showSkybox":false,"showFlares":true,"showImageEffects":true,"showParticleSystems":true},"in2DMode":false,"pivot":{"x":480.2021484375,"y":29.918262481689454,"z":-394.4303894042969},"rotation":{"x":-0.27220937609672549,"y":0.008642254397273064,"z":0.0024961663875728847,"w":0.9622346758842468},"size":4.041658401489258,"orthographic":false}