{"cameraMode":{"drawMode":0,"name":"Shaded","section":"Shading Mode"},"sceneLighting":false,"audioPlay":false,"sceneViewState":{"showFog":true,"showMaterialUpdate":false,"showSkybox":false,"showFlares":true,"showImageEffects":true,"showParticleSystems":true},"in2DMode":false,"pivot":{"x":883.8160400390625,"y":423.8275146484375,"z":0.0},"rotation":{"x":0.0496564619243145,"y":0.25046873092651369,"z":-0.012838071212172509,"w":0.9668018221855164},"size":437.9112548828125,"orthographic":false}