{"cameraMode":{"drawMode":0,"name":"Shaded","section":"Shading Mode"},"sceneLighting":false,"audioPlay":false,"sceneViewState":{"showFog":true,"showMaterialUpdate":false,"showSkybox":false,"showFlares":true,"showImageEffects":true,"showParticleSystems":true},"in2DMode":false,"pivot":{"x":0.023094579577445985,"y":1.251513957977295,"z":0.7578000426292419},"rotation":{"x":-0.4193844199180603,"y":-0.18380887806415559,"z":0.08810644596815109,"w":-0.884779155254364},"size":3.0662662982940676,"orthographic":false}