{"cameraMode":{"drawMode":0,"name":"Shaded","section":"Shading Mode"},"sceneLighting":false,"audioPlay":false,"sceneViewState":{"showFog":true,"showMaterialUpdate":false,"showSkybox":false,"showFlares":true,"showImageEffects":true,"showParticleSystems":true},"in2DMode":false,"pivot":{"x":-3.783884286880493,"y":4.492437362670898,"z":-2.7906248569488527},"rotation":{"x":-0.2186051607131958,"y":-0.4559861421585083,"z":0.11758996546268463,"w":-0.8548257350921631},"size":1.9536417722702027,"orthographic":false}