{"cameraMode":{"drawMode":0,"name":"Shaded","section":"Shading Mode"},"sceneLighting":false,"audioPlay":false,"sceneViewState":{"showFog":true,"showMaterialUpdate":false,"showSkybox":false,"showFlares":true,"showImageEffects":true,"showParticleSystems":true},"in2DMode":false,"pivot":{"x":-4.269813060760498,"y":-4.993123531341553,"z":8.196367263793946},"rotation":{"x":0.21064329147338868,"y":-0.1542387157678604,"z":0.032920271158218387,"w":0.9649356007575989},"size":16.25681495666504,"orthographic":false}