{"cameraMode":{"drawMode":0,"name":"Shaded","section":"Shading Mode"},"sceneLighting":false,"audioPlay":false,"sceneViewState":{"showFog":true,"showMaterialUpdate":false,"showSkybox":false,"showFlares":true,"showImageEffects":true,"showParticleSystems":true},"in2DMode":false,"pivot":{"x":262.9744567871094,"y":4.4846673011779789,"z":-251.51934814453126},"rotation":{"x":-0.288227915763855,"y":0.1852097362279892,"z":0.05695279315114021,"w":0.937788724899292},"size":2.8578836917877199,"orthographic":false}