{"cameraMode":{"drawMode":0,"name":"Shaded","section":"Shading Mode"},"sceneLighting":false,"audioPlay":false,"sceneViewState":{"showFog":true,"showMaterialUpdate":false,"showSkybox":false,"showFlares":true,"showImageEffects":true,"showParticleSystems":true},"in2DMode":false,"pivot":{"x":1.650428056716919,"y":-0.10232974588871002,"z":0.7984816431999207},"rotation":{"x":-0.3010614216327667,"y":-0.27197444438934328,"z":0.09073258936405182,"w":-0.90965336561203},"size":4.184892654418945,"orthographic":false}