{"cameraMode":{"drawMode":0,"name":"Shaded","section":"Shading Mode"},"sceneLighting":false,"audioPlay":false,"sceneViewState":{"showFog":true,"showMaterialUpdate":false,"showSkybox":false,"showFlares":true,"showImageEffects":true,"showParticleSystems":true},"in2DMode":false,"pivot":{"x":186.2463836669922,"y":10.15999984741211,"z":147.47792053222657},"rotation":{"x":0.3441389203071594,"y":-0.011249658651649952,"z":0.004147257190197706,"w":0.9389562606811523},"size":11.431544303894043,"orthographic":false}