{"cameraMode":{"drawMode":0,"name":"Shaded","section":"Shading Mode"},"sceneLighting":false,"audioPlay":false,"sceneViewState":{"showFog":true,"showMaterialUpdate":false,"showSkybox":false,"showFlares":true,"showImageEffects":true,"showParticleSystems":true},"in2DMode":false,"pivot":{"x":-0.4216234087944031,"y":2.244990587234497,"z":0.9863609671592712},"rotation":{"x":-0.16540870070457459,"y":-0.831770122051239,"z":0.34115612506866457,"w":-0.40580445528030398},"size":3.0662662982940676,"orthographic":false}