{"cameraMode":{"drawMode":0,"name":"Shaded","section":"Shading Mode"},"sceneLighting":false,"audioPlay":false,"sceneViewState":{"showFog":true,"showMaterialUpdate":false,"showSkybox":false,"showFlares":true,"showImageEffects":true,"showParticleSystems":true},"in2DMode":false,"pivot":{"x":483.3072204589844,"y":266.6216735839844,"z":0.0},"rotation":{"x":-0.08720435947179795,"y":0.005052358843386173,"z":-0.0005543907172977924,"w":-0.9962689876556397},"size":1821.5074462890625,"orthographic":false}