{"cameraMode":{"drawMode":0,"name":"Shaded","section":"Shading Mode"},"sceneLighting":false,"audioPlay":false,"sceneViewState":{"showFog":true,"showMaterialUpdate":false,"showSkybox":false,"showFlares":true,"showImageEffects":true,"showParticleSystems":true},"in2DMode":false,"pivot":{"x":15.195854187011719,"y":4.840343475341797,"z":-7.912688255310059},"rotation":{"x":0.23471762239933015,"y":-0.24191305041313172,"z":0.06046435236930847,"w":0.9395750164985657},"size":2.8578836917877199,"orthographic":false}