{"cameraMode":{"drawMode":0,"name":"Shaded","section":"Shading Mode"},"sceneLighting":false,"audioPlay":false,"sceneViewState":{"showFog":true,"showMaterialUpdate":false,"showSkybox":true,"showFlares":true,"showImageEffects":true,"showParticleSystems":true},"in2DMode":false,"pivot":{"x":179.27415466308595,"y":11.243789672851563,"z":139.3982391357422},"rotation":{"x":0.2739224135875702,"y":0.540381908416748,"z":-0.19160574674606324,"w":0.7723015546798706},"size":26.400354385375978,"orthographic":false}