{"cameraMode":{"drawMode":0,"name":"Shaded","section":"Shading Mode"},"sceneLighting":false,"audioPlay":false,"sceneViewState":{"showFog":true,"showMaterialUpdate":false,"showSkybox":false,"showFlares":true,"showImageEffects":true,"showParticleSystems":true},"in2DMode":false,"pivot":{"x":174.7655487060547,"y":353.06512451171877,"z":-255.64549255371095},"rotation":{"x":0.0496564619243145,"y":0.25046873092651369,"z":-0.012838071212172509,"w":0.9668018221855164},"size":310.5205078125,"orthographic":false}