{"cameraMode":{"drawMode":0,"name":"Shaded","section":"Shading Mode"},"sceneLighting":false,"audioPlay":false,"sceneViewState":{"showFog":true,"showMaterialUpdate":false,"showSkybox":false,"showFlares":true,"showImageEffects":true,"showParticleSystems":true},"in2DMode":false,"pivot":{"x":271.45587158203127,"y":91.96197509765625,"z":2467.922607421875},"rotation":{"x":0.05278923362493515,"y":-0.04217439144849777,"z":0.0013263842556625605,"w":0.9979117512702942},"size":3228.6181640625,"orthographic":false}