{"cameraMode":{"drawMode":0,"name":"Shaded","section":"Shading Mode"},"sceneLighting":false,"audioPlay":false,"sceneViewState":{"showFog":true,"showMaterialUpdate":false,"showSkybox":false,"showFlares":true,"showImageEffects":true,"showParticleSystems":true},"in2DMode":false,"pivot":{"x":0.03377651423215866,"y":0.1063305214047432,"z":0.0012909173965454102},"rotation":{"x":-0.17608067393302918,"y":-0.7121201753616333,"z":0.1930660754442215,"w":-0.65195232629776},"size":0.37889939546585085,"orthographic":false}