{"cameraMode":{"drawMode":0,"name":"Shaded","section":"Shading Mode"},"sceneLighting":false,"audioPlay":false,"sceneViewState":{"showFog":true,"showMaterialUpdate":false,"showSkybox":true,"showFlares":true,"showImageEffects":true,"showParticleSystems":true},"in2DMode":false,"pivot":{"x":584.3416748046875,"y":334.3983459472656,"z":-682.9981079101563},"rotation":{"x":-0.08720435947179795,"y":0.005052358843386173,"z":-0.0005543907172977924,"w":-0.9962689876556397},"size":111.13764190673828,"orthographic":false}