{"cameraMode":{"drawMode":0,"name":"Shaded","section":"Shading Mode"},"sceneLighting":false,"audioPlay":false,"sceneViewState":{"showFog":true,"showMaterialUpdate":false,"showSkybox":true,"showFlares":true,"showImageEffects":true,"showParticleSystems":true},"in2DMode":false,"pivot":{"x":503.5426025390625,"y":261.24774169921877,"z":62.6492919921875},"rotation":{"x":0.14331309497356416,"y":0.796865701675415,"z":-0.20797313749790193,"w":0.5490108728408814},"size":1813.8507080078125,"orthographic":false}