{"cameraMode":{"drawMode":0,"name":"Shaded","section":"Shading Mode"},"sceneLighting":false,"audioPlay":false,"sceneViewState":{"showFog":true,"showMaterialUpdate":false,"showSkybox":true,"showFlares":true,"showImageEffects":true,"showParticleSystems":true},"in2DMode":false,"pivot":{"x":-16.11883544921875,"y":-0.30443501472473147,"z":-72.42333221435547},"rotation":{"x":0.15091527998447419,"y":0.8137707114219666,"z":-0.24269601702690125,"w":0.5062150359153748},"size":5.333742141723633,"orthographic":false}