{"cameraMode":{"drawMode":0,"name":"Shaded","section":"Shading Mode"},"sceneLighting":false,"audioPlay":false,"sceneViewState":{"showFog":true,"showMaterialUpdate":false,"showSkybox":true,"showFlares":true,"showImageEffects":true,"showParticleSystems":true},"in2DMode":false,"pivot":{"x":228.1437225341797,"y":-33.87722396850586,"z":95.34912109375},"rotation":{"x":0.0337786041200161,"y":0.9588980078697205,"z":-0.25030896067619326,"w":0.13026487827301026},"size":119.87629699707031,"orthographic":false}