{"cameraMode":{"drawMode":0,"name":"Shaded","section":"Shading Mode"},"sceneLighting":false,"audioPlay":false,"sceneViewState":{"showFog":true,"showMaterialUpdate":false,"showSkybox":true,"showFlares":true,"showImageEffects":true,"showParticleSystems":true},"in2DMode":false,"pivot":{"x":242.73268127441407,"y":-30.645862579345704,"z":156.90576171875},"rotation":{"x":-0.222865492105484,"y":-0.658393919467926,"z":0.21362325549125672,"w":-0.6865881681442261},"size":111.13764190673828,"orthographic":false}