{"cameraMode":{"drawMode":0,"name":"Shaded","section":"Shading Mode"},"sceneLighting":false,"audioPlay":false,"sceneViewState":{"showFog":true,"showMaterialUpdate":false,"showSkybox":false,"showFlares":true,"showImageEffects":true,"showParticleSystems":true},"in2DMode":false,"pivot":{"x":-4.885797023773193,"y":4.935742378234863,"z":-2.0145835876464845},"rotation":{"x":0.2988913655281067,"y":0.5979005098342896,"z":-0.25726112723350527,"w":0.6980444192886353},"size":2.0304548740386965,"orthographic":false}