{"cameraMode":{"drawMode":0,"name":"Shaded","section":"Shading Mode"},"sceneLighting":false,"audioPlay":false,"sceneViewState":{"showFog":true,"showMaterialUpdate":false,"showSkybox":false,"showFlares":true,"showImageEffects":true,"showParticleSystems":true},"in2DMode":false,"pivot":{"x":-3.3729407787323,"y":-0.42085516452789309,"z":1.6034826040267945},"rotation":{"x":0.4155760407447815,"y":0.5706390738487244,"z":-0.41110938787460329,"w":0.5768389701843262},"size":4.041658401489258,"orthographic":false}