{"cameraMode":{"drawMode":0,"name":"Shaded","section":"Shading Mode"},"sceneLighting":false,"audioPlay":false,"sceneViewState":{"showFog":true,"showMaterialUpdate":false,"showSkybox":false,"showFlares":true,"showImageEffects":true,"showParticleSystems":true},"in2DMode":false,"pivot":{"x":703.2722778320313,"y":494.460205078125,"z":-814.46240234375},"rotation":{"x":-0.1006544828414917,"y":-0.004185862373560667,"z":0.0008504838333465159,"w":-0.995078980922699},"size":4.184892654418945,"orthographic":false}