{"cameraMode":{"drawMode":0,"name":"Shaded","section":"Shading Mode"},"sceneLighting":true,"audioPlay":false,"sceneViewState":{"showFog":true,"showMaterialUpdate":false,"showSkybox":true,"showFlares":true,"showImageEffects":true,"showParticleSystems":true},"in2DMode":false,"pivot":{"x":231.59344482421876,"y":-39.95271301269531,"z":31.68077278137207},"rotation":{"x":-0.025149133056402208,"y":-0.9745203256607056,"z":0.1656567007303238,"w":-0.15054699778556825},"size":196.72813415527345,"orthographic":false}