{"cameraMode":{"drawMode":0,"name":"Shaded","section":"Shading Mode"},"sceneLighting":false,"audioPlay":false,"sceneViewState":{"showFog":true,"showMaterialUpdate":false,"showSkybox":false,"showFlares":true,"showImageEffects":true,"showParticleSystems":true},"in2DMode":false,"pivot":{"x":-2.0078985691070558,"y":-2.7883784770965578,"z":1.5811707973480225},"rotation":{"x":0.12860465049743653,"y":0.16578206419944764,"z":-0.021815314888954164,"w":0.9775311350822449},"size":4.041658401489258,"orthographic":false}