{"cameraMode":{"drawMode":0,"name":"Shaded","section":"Shading Mode"},"sceneLighting":false,"audioPlay":false,"sceneViewState":{"showFog":true,"showMaterialUpdate":false,"showSkybox":false,"showFlares":true,"showImageEffects":true,"showParticleSystems":true},"in2DMode":false,"pivot":{"x":492.13079833984377,"y":-106.94940185546875,"z":1164.9404296875},"rotation":{"x":0.15419897437095643,"y":-0.00296782236546278,"z":0.0004729430365841836,"w":0.9880826473236084},"size":1963.3687744140625,"orthographic":false}