{"cameraMode":{"drawMode":0,"name":"Shaded","section":"Shading Mode"},"sceneLighting":false,"audioPlay":false,"sceneViewState":{"showFog":true,"showMaterialUpdate":false,"showSkybox":false,"showFlares":true,"showImageEffects":true,"showParticleSystems":true},"in2DMode":false,"pivot":{"x":-3.809999942779541,"y":-2.880000114440918,"z":2.283255100250244},"rotation":{"x":-0.0013625455321744085,"y":0.8964162468910217,"z":-0.4433576166629791,"w":-0.002700692741200328},"size":2.8578836917877199,"orthographic":false}