{"cameraMode":{"drawMode":0,"name":"Shaded","section":"Shading Mode"},"sceneLighting":true,"audioPlay":false,"sceneViewState":{"showFog":true,"showMaterialUpdate":false,"showSkybox":true,"showFlares":true,"showImageEffects":true,"showParticleSystems":true},"in2DMode":false,"pivot":{"x":138.22442626953126,"y":18.911100387573243,"z":-188.75686645507813},"rotation":{"x":-0.38669297099113467,"y":0.0814482718706131,"z":0.03431013971567154,"w":0.9179643988609314},"size":10.0,"orthographic":false}