{"cameraMode":{"drawMode":0,"name":"Shaded","section":"Shading Mode"},"sceneLighting":true,"audioPlay":false,"sceneViewState":{"showFog":true,"showMaterialUpdate":false,"showSkybox":true,"showFlares":true,"showImageEffects":true,"showParticleSystems":true},"in2DMode":false,"pivot":{"x":-0.5356073379516602,"y":10.511398315429688,"z":4.213706970214844},"rotation":{"x":-0.004507944919168949,"y":0.7795538902282715,"z":-0.6262937188148499,"w":-0.005611361004412174},"size":207.91517639160157,"orthographic":false}